image_name	latitude	longitude	heading_degrees	panorama_id	width_px	height_px
100_0.28_south_america_eastern_avenida_do_com_rcio_-6.100104_-52.236709.jpg	-6.1001036	-52.2367093	239.56	cUHT0cR-o8VubMiC5UeKDQ	512	512
101_0.28_asia_southern_24.415048_90.719753.jpg	24.4150485	90.7197526	329.127	rNkqBUIxJniYjE28X9pnEA	512	512
102_0.29_south_america_southern_roma_-33.000440_-60.622069.jpg	-33.0004396	-60.6220695	217.299	ks2sx9-xKB8ppcOSVAmZiA	512	512
103_0.29_australia_nz_australia_east_earl_street_-26.450946_151.824289.jpg	-26.4509465	151.8242887	80.432	WUZwJEg0FOZh3rtJtYFeiQ	512	512
104_0.30_us_southeast_36.342170_-78.216042.jpg	36.3421702	-78.2160415	351.344	SB9VXsm_hO_NfYnYoVVJ-w	512	512
105_0.38_us_southeast_36.335187_-78.214085.jpg	36.3351870	-78.2140852	344.283	woZ6tXpcU856_Esh1sZLKw	512	512
106_0.40_europe_northern_55.298701_-7.172178.jpg	55.2987012	-7.1721776	148.5	pQn41at7yQIrhCEjZjg6Qg	512	512
107_0.43_us_midwest_47.305823_-102.199997.jpg	47.3058226	-102.1999974	124.465	acOByrNILIKEe2qM4p8Hbg	512	512
108_0.44_south_america_eastern_rua_a_-17.881394_-45.889088.jpg	-17.8813936	-45.8890882	45.188	E8yCI0lHyc0LK_s5x6wjyg	512	512
109_0.44_europe_southern_41.471074_-6.101924.jpg	41.4710739	-6.1019244	305.964	bcl4xO6Q70Eibyl6bxjUIg	512	512
110_0.46_asia_southern_20.872758_70.720097.jpg	20.8727578	70.7200967	11.156	gI239j2zG4uEu-5hihkLQw	512	512
111_0.50_south_america_western_las_calas_-33.341271_-66.347198.jpg	-33.3412715	-66.3471983	160.709	8SnqF1p9FZmTH70CoB303Q	512	512
112_0.50_us_midwest_43.153668_-95.150495.jpg	43.1536684	-95.1504954	331.767	cclXxLBacG2e-hATR81p8g	512	512
113_0.54_us_southeast_henry_county_37_31.634124_-85.227718.jpg	31.6341241	-85.2277183	49.539	ca143gGNYlxw277y4X8iaw	512	512
114_0.55_asia_eastern_35.549922_128.611479.jpg	35.5499218	128.6114794	185.509	kQQ998QnsX1jcQb-Ydh1dg	512	512
115_0.57_asia_southern_27.235781_77.541313.jpg	27.2357814	77.5413135	311.433	PuIq-Sy7fRSv5l6e9bhvtA	512	512
116_0.58_asia_eastern_37.059462_140.386734.jpg	37.0594623	140.3867336	39.4	lBe_5Z1DZQUUch9C5kHhkQ	512	512
117_0.61_south_america_eastern_rua_g_-17.882555_-45.889668.jpg	-17.8825551	-45.8896679	135.151	AcBrVcIra6baZH4dAlPYQA	512	512
118_0.61_australia_nz_australia_east_scully_close_-32.146759_150.361277.jpg	-32.1467588	150.3612774	3.705	rR_uCscRvQrKSp3RD8T6zQ	512	512
119_0.62_europe_eastern_57.954225_26.275934.jpg	57.9542250	26.2759341	132.883	8zHO3EiDlVzW5SWsf9uZQA	512	512
120_0.64_asia_eastern_35.604032_134.796029.jpg	35.6040315	134.7960289	185.917	vdmPqw6cIBteDJDHtZuxqA	512	512
121_0.69_us_west_chalk_mountain_road_39.074194_-122.584353.jpg	39.0741942	-122.5843530	327.674	U1yqoIM-tFoNqcxPeCoe8w	512	512
122_0.69_europe_eastern_strada_cocorului_44.204372_27.404516.jpg	44.2043723	27.4045156	180.55	-9Ixf_WwICJoXxF59vpq_w	512	512
123_0.69_asia_central_50.316565_57.308614.jpg	50.3165654	57.3086144	55.419	5yj0FyVMMsa_ot-91ZJxOw	512	512
124_0.71_asia_southeastern_10.617832_119.621459.jpg	10.6178319	119.6214590	111.949	cYFzgFUbfKYW05mnoKtBiA	512	512
125_0.73_europe_southern_35.116094_26.220901.jpg	35.1160937	26.2209014	200.282	ou-4TDPcGhdH07_n8hrh-A	512	512
126_0.73_us_south_central_south_5th_street_32.295818_-101.301802.jpg	32.2958183	-101.3018020	73.743	HoFtn427D5eFm1fMfCdhFg	512	512
127_0.79_us_midwest_45.521859_-102.462461.jpg	45.5218587	-102.4624613	277.868	QrVL3ZIf0JDK_2jZ6MYnHg	512	512
128_0.79_south_america_eastern_rua_treze_de_maio_-6.651621_-42.532992.jpg	-6.6516209	-42.5329918	353.003	rD3smQHOsbL6ZHjrDmb2Cw	512	512
129_0.81_asia_eastern_36.277964_133.362749.jpg	36.2779638	133.3627491	175.64	h8K0faOToDrM_NAG_Vsakw	512	512
130_0.83_asia_eastern_35.390824_127.446058.jpg	35.3908238	127.4460575	3.759	E9jhvRN4_6B4ClNZC-CydQ	512	512
131_0.84_us_northeast_43.712144_-71.120487.jpg	43.7121436	-71.1204867	277.4	jgLj6EapDEZukaF85Mih-g	512	512
132_0.86_south_america_western_travessa_mel_-9.938708_-67.798283.jpg	-9.9387078	-67.7982831	336.75	kxNP8_E1nx1aHk8w58-cZw	512	512
133_0.89_us_southeast_29.601752_-90.644396.jpg	29.6017521	-90.6443965	75.92	lQQ4e2HGzHyb9xd1Tb0TLg	512	512
134_0.93_us_northeast_37.374210_-78.823718.jpg	37.3742099	-78.8237178	138.283	b5HSZiL8Echyefta7Vopkw	512	512
135_0.94_south_america_southern_lautaro_-32.988109_-71.236385.jpg	-32.9881092	-71.2363846	73.019	8RpDaelt8EV9wTaS-Q6k4w	512	512
136_0.95_us_midwest_37.685668_-95.651508.jpg	37.6856678	-95.6515079	81.793	e3ge4PyU98b--Yv5SgRhfg	512	512
137_0.96_us_south_central_29.243228_-100.855550.jpg	29.2432278	-100.8555496	330.048	2Wcwro3SdNGutP8_FkBSbw	512	512
138_0.96_us_south_central_fernest_road_30.411271_-92.576451.jpg	30.4112712	-92.5764513	345.752	PERoGs7y2-oFvmGFzyy2EA	512	512
139_0.98_europe_western_calle_junqueras_39.147733_-4.155051.jpg	39.1477332	-4.1550507	43.814	4B905YJbxbfcZRt8b6eepw	512	512
140_0.99_south_america_eastern_estrada_do_curtume_-22.518486_-42.974020.jpg	-22.5184857	-42.9740202	180.552	mQv7dRPA1Lk3ag24fR0mDQ	512	512
141_1.00_us_south_central_mulberry_circle_35.432991_-94.338031.jpg	35.4329906	-94.3380307	11.438	hHXy4oycadFLPhWnZz-8tA	512	512
142_1.05_europe_southern_41.467881_-6.176950.jpg	41.4678807	-6.1769501	262.387	ujHFdFfflaK8TnmS0-ykBw	512	512
143_1.08_australia_nz_australia_east_-32.142549_150.360094.jpg	-32.1425491	150.3600945	250.102	DnaJjgF3buG2Ej_aKawnCw	512	512
144_1.13_asia_western_26.578015_54.586756.jpg	26.5780148	54.5867555	344.851	CAoSHENJQUJJaEJOd2lHb1hXNzROdGZvVndSeEtGSnY.	512	512
145_1.13_us_northeast_east_4th_street_39.527712_-80.334561.jpg	39.5277124	-80.3345610	182.266	RIeHWw5v4QVIhRQxDaiN9A	512	512
146_1.14_australia_nz_australia_south_west_north_terrace_-32.730341_138.615481.jpg	-32.7303406	138.6154808	193.14	LnQtoseQGEAE0qkmrSTh-w	512	512
147_1.16_europe_central_osiedlowa_52.752061_15.102350.jpg	52.7520606	15.1023505	151.63	QOEInpBLLHQSuZOPvF2ulw	512	512
148_1.16_asia_southeastern_18.244356_121.908451.jpg	18.2443557	121.9084508	266.029	3M_f3VmxG3P6K7LTTqaeRw	512	512
149_1.18_europe_central_45.521266_21.489996.jpg	45.5212662	21.4899959	346.238	b_mMUbgVb-Tjksckmlk5Ww	512	512
150_1.18_south_america_eastern_-21.854347_-51.976937.jpg	-21.8543465	-51.9769373	184.189	uZBwW_kpFerG_FUh0TQRfQ	512	512
151_1.22_europe_western_calle_el_soto_42.537163_-6.519526.jpg	42.5371632	-6.5195257	195.542	vSQRllVlW-xNqB0QAqKtWg	512	512
152_1.22_australia_nz_australia_east_swimming_pool_road_-29.945847_151.216388.jpg	-29.9458472	151.2163881	101.836	buPT1TogV6YHQxsx5LbC8w	512	512
153_1.22_us_west_43.039251_-116.406729.jpg	43.0392507	-116.4067291	257.104	R4HwPDg3UF9MZUCttwW9IQ	512	512
154_1.23_south_america_eastern_rua_tertuliano_ven_ncio_dos_santos_-6.487479_-36.150078.jpg	-6.4874793	-36.1500781	70.531	3jF8JRZ002Ux2dVpy-XpFw	512	512
155_1.27_asia_southeastern_9.215976_105.698147.jpg	9.2159757	105.6981470	137.288	95l8ZzIcMhYGcZ0ro4jrXw	512	512
156_1.28_us_south_central_aztec_lane_33.532412_-101.684901.jpg	33.5324120	-101.6849009	252.566	vagZMQWDrbbQb_QPTuy9ow	512	512
157_1.31_australia_nz_australia_south_west_-31.979603_115.755191.jpg	-31.9796026	115.7551908	121.779	KIeV1Zpr0rUaQ6ripcIc-g	512	512
158_1.32_europe_southern_40.935916_-1.184689.jpg	40.9359164	-1.1846891	124.016	7bIykBaec5vNWuG_d-2JjA	512	512
159_1.32_us_south_central_north_varnish_avenue_33.616209_-101.768202.jpg	33.6162088	-101.7682023	103.649	6QsxN7UIQUtO0YI5jC9UtA	512	512
160_1.35_asia_eastern_33.486857_133.542378.jpg	33.4868572	133.5423780	266.876	b3mnI9GREKfL3_vASsdP7w	512	512
161_1.36_us_west_44.713181_-119.100927.jpg	44.7131806	-119.1009270	348.0	HofzoHxp5HD5tCiIXaomQw	512	512
162_1.36_europe_eastern_56.260780_38.154257.jpg	56.2607798	38.1542574	41.516	5xlr-cjjnkI-pQosmzLSyQ	512	512
163_1.37_south_america_eastern_-19.539055_-40.089353.jpg	-19.5390552	-40.0893531	77.202	KZjsfoiE537WGsXvfn4OUQ	512	512
164_1.39_asia_eastern_44.195079_143.065318.jpg	44.1950791	143.0653182	18.137	uaB4Trhn2UaF9qepZh54QQ	512	512
165_1.59_asia_southern_25.904391_85.736144.jpg	25.9043909	85.7361443	78.058	GvsDkhjGeNKC6n9CnXyhdw	512	512
166_1.60_us_northeast_18th_street_south_44.607532_-81.274950.jpg	44.6075323	-81.2749496	196.495	dR5u44Onq6EGFwRaLchg3A	512	512
167_1.64_europe_eastern_strada_anton_pann_44.230783_27.545945.jpg	44.2307827	27.5459449	345.331	0cT-DmKrxRYa9sKyT51GfA	512	512
168_1.70_south_america_western_-12.767641_-72.577557.jpg	-12.7676409	-72.5775566	322.488	gvYyZ7Zrakl4ummOLfJPaw	512	512
169_1.83_asia_eastern_35.124787_134.173703.jpg	35.1247869	134.1737026	20.22	6E31Jhj3ztI1J1ONzhlbZQ	512	512
170_1.95_us_northeast_sherwood_court_43.180575_-79.033391.jpg	43.1805753	-79.0333913	152.595	Itpa7kKP2fMqzxKq8VOYeA	512	512
171_1.98_australia_nz_australia_south_west_bodmin_avenue_-31.948926_115.757293.jpg	-31.9489258	115.7572934	246.026	KlZ3F9m-rpDngmuarXMjjw	512	512
172_2.15_europe_eastern_50.454707_21.084564.jpg	50.4547073	21.0845645	167.769	nULn7YPna66-fDMUwa0p5w	512	512
173_2.17_asia_eastern_33.533491_133.670057.jpg	33.5334906	133.6700570	80.216	7IKgXJB568GvSOnFZuQl9g	512	512
174_2.25_asia_eastern_35.661071_134.759494.jpg	35.6610712	134.7594942	21.888	ulii3DMSU649ujpkuKnq0A	512	512
175_2.28_us_west_34.171983_-119.187250.jpg	34.1719828	-119.1872497	75.117	xHAsZmp1RiUSskbRT_ko7w	512	512
176_2.35_us_south_central_walnut_lane_32.576542_-93.729297.jpg	32.5765422	-93.7292973	346.586	N5dmNjc0NSVhhkdG6nWJvA	512	512
177_2.44_australia_nz_australia_east_mirrool_street_north_-34.814880_147.198180.jpg	-34.8148798	147.1981805	269.971	o_tWe2JAT3Xh6L3dx8lZAA	512	512
178_2.46_us_midwest_37.631263_-95.630172.jpg	37.6312628	-95.6301717	198.943	3LsznUDkwRaNEu6bZBZ_zg	512	512
179_2.61_us_northeast_diamond_street_39.376536_-81.267172.jpg	39.3765359	-81.2671724	340.058	TBw90MZoD1pPunGCGymVdg	512	512
180_2.62_europe_western_51.829276_-8.513019.jpg	51.8292763	-8.5130194	224.745	xO0rJhgXiwcOpXgd1a_LFg	512	512
181_2.62_europe_southern_via_pietro_micca_37.307825_13.579512.jpg	37.3078247	13.5795118	288.527	9CutbBuIC6PxjrFFhvQKrg	512	512
182_2.72_south_america_eastern_rua_14_de_setembro_-23.251442_-48.195564.jpg	-23.2514417	-48.1955635	121.499	DRBmeFCkbMr7xo84LXdMxw	512	512
183_2.83_asia_eastern_42.329812_140.948524.jpg	42.3298116	140.9485243	186.082	ZN6gtV2Dy4nevY9VoDORPA	512	512
184_2.84_europe_western_clawson_close_52.783193_-1.231760.jpg	52.7831931	-1.2317598	189.102	PZ4i51Wn3_-m2W7Gcwe27g	512	512
185_3.95_australia_nz_australia_east_burrum_street_-25.519070_152.682685.jpg	-25.5190705	152.6826846	214.173	V1dzKCV5oRE_WDut8l5LqQ	512	512
186_3.96_south_america_eastern_avenida_jovino_luiz_da_costa_-20.031825_-49.408292.jpg	-20.0318249	-49.4082920	303.268	wg38fZ2PwGYWIy05y2tlaw	512	512
187_4.20_us_southeast_ferry_lane_29.574902_-90.604230.jpg	29.5749022	-90.6042297	36.68	DShnzAvSGk-WoxQLOsVbiA	512	512
188_4.25_asia_eastern_35.643025_134.902833.jpg	35.6430252	134.9028328	117.036	5Z2Pqwv3O-w9vXyIQLKscw	512	512
189_4.26_us_northeast_highland_avenue_38.362640_-81.680973.jpg	38.3626401	-81.6809727	198.574	_bvaAqYJB9Wk-tCLmrF0cA	512	512
0000_0.15_cleveland_east_41.482858_-81.613266.jpg	41.4828580	-81.6132660	257		512	512
0003_0.29_cleveland_east_41.483426_-81.654563.jpg	41.4834260	-81.6545630	120		512	512
0017_0.41_detroit_core_42.375088_-83.007768.jpg	42.3750880	-83.0077680	174		512	512
0020_0.44_detroit_core_42.356125_-83.014078.jpg	42.3561250	-83.0140780	359		512	512
0035_0.61_baltimore_west_39.28346_-76.631184.jpg	39.2834600	-76.6311840	91		512	512
0118_1.65_phoenix_sprawl_33.400036_-112.016993.jpg	33.4000360	-112.0169930	130		512	512
0171_2.21_st_louis_north_38.655129_-90.219509.jpg	38.6551290	-90.2195090	145		512	512
0220_2.76_atlanta_suburb_33.773723_-84.464898.jpg	33.7737230	-84.4648980	92		512	512
0249_3.07_manchester_east_53.487527_-2.138194.jpg	53.4875270	-2.1381940	163		512	512
0304_3.67_atlanta_suburb_33.774327_-84.417054.jpg	33.7743270	-84.4170540	136		512	512
